,l,E-value,Observed Count,Difference,Change
0,AATAGCTAACA,3.1913,12,8.8087,greater
1,ACCAAACTATAGAAT,0.0125,1,0.9875,greater
2,CTCTTAATATTTATGAAGAAGAACATGGT,0.0,1,1.0,greater
3,GCCTGGGTGACAGAGTGAGACCCTGTCTC,0.0,8,8.0,greater
4,GATCATACCATTGTACTCTAGCCTGGGTG,0.0,1,1.0,greater
5,GCCGCCTTCACATTCTCAAAGGAACTCCTGGCCCCCAAACAGGGTCCGGG,0.0,1,1.0,greater
6,TATTCAACATTCTTAAAGAAAAGAATTTTCAACCCAGAATTTCATATCCA,0.0,13,13.0,greater
7,TGGAGGCTGTTGGGGAGAACTCACTGCCTTGCCTTTTCCTGCTTCTAGAG,0.0,0,0.0,no change
8,GGCCTCCGAAGCGTCTCTCCTGGCTTAGAGGATAGTGGCTTGGAACCTTT,0.0,1,1.0,greater
9,GAGCCAGGATTTGAACTCACATTTGTCTGACTTCAAAATCCATGCTTTTT,0.0,1,1.0,greater
10,CCTTCCTTCCACACACCCACGAGTCCCTAGGCTGCTTTAGGAGTCTTCAC,0.0,0,0.0,no change
11,AGCAAAACAAGTAGGGACAATTACAAGTCCTTAGAAATGACCAGACCAGA,0.0,0,0.0,no change
12,CTGGCTCAGAGGGTCCTATGCCCACGGAGTCTCGCTGATTGCTAGCACAG,0.0,1,1.0,greater
13,ATTCATTCACTGTAACATCAGCTCCACAAAAGCAAAGAGTTTGTATACCC,0.0,1,1.0,greater
14,GATGAAACCCCATCTCTACTAAAAAATACAAAAAATTAGCCGGGTGTGGT,0.0,1,1.0,greater
15,ATCTGAGCGAGTCAATTTCCCATGGGTCCCTTCTTGCACCTCCCCAACCT,0.0,1,1.0,greater
16,AACAGAGCATATAAAGACCTCACATATTATAATAAAGAGAAGACAAAGAA,0.0,1,1.0,greater
17,ACACTCACTATAGGCCAGGCCCTGTGGTGGTGCTGAGGATGTAGGGGTAA,0.0,1,1.0,greater
18,TCTGTAGCTGGGATGCAGTCCTTTGAGACTCTGGGTTGGTTGCCTGCCAA,0.0,1,1.0,greater
19,GATTTGGATGTCATTCTGCTACCTGAAGCTAAACATGACCAACACTGAAG,0.0,0,0.0,no change
20,AAAAGTGAGAAGAGCCATTTCGACTTCACCCTTTGGTTGCCAGACCTCTG,0.0,1,1.0,greater
21,GTGTGTGTGTGTGTGTGTGAGAGAGAGAGAGAGAGAGAATCTTCAGCTAT,0.0,1,1.0,greater
22,TAGGTTATTCCATGAGAGTCTTGCTTCCTCCCTACATATATTCCCATGTT,0.0,0,0.0,no change
23,ATGATTATATTGGGGAACAGAAATTAACATGTAAATAGTTTTGTTTTTTT,0.0,1,1.0,greater
24,GGAGGGCTTTAAAAGCTCTGATTACTGTCCCCTGCCACCAGGATTTCTGA,0.0,0,0.0,no change
25,TTTATGCTAAACTAATTATAAAAATATTAAGTTTTTTTCCAGAAACTAGA,0.0,1,1.0,greater
26,AAATTATATAACTTTATAGAGTTTATGTTTTTAAAATTATATTTTTGGTT,0.0,1,1.0,greater
27,TAACAGGTTAAAGATAAAACTGATATCACATCCACTCAACCTCCCAAACC,0.0,0,0.0,no change
28,ATTATTAGTAAGAAGCTCTTTCTCACTTTCTAATACCCCGAGCTTTGCCT,0.0,1,1.0,greater
29,CAATCAGAAATAGCACACACTTTCAAATCAGTCACTTTATAAAACTATTT,0.0,1,1.0,greater
30,TTCATTAGAAGGATATTAGGTGGTTCACAGAATTGTCTGGAATTAAAAAA,0.0,0,0.0,no change
31,CCCCTTGCTGGTGGAATGTGGGCTCAGAACTGGTAAGCCATCTTCAACCA,0.0,1,1.0,greater
32,ATCTCAAAAAAAGAAAAAAAAAAAATAGAGTAAGCCCTGTCTAAAGACAA,0.0,0,0.0,no change
33,TTCTCTAGATGTTCCATTATCCAGGAACCTCCATATGTTCAGCTATCTGG,0.0,1,1.0,greater
34,GGTACTTCTATAACAAAAAAAAAGACACACAACATAAACGATATCTGGAA,0.0,0,0.0,no change
35,TTAATAAAGTCTTTGACATGTGTTCATTTTACATTGGTAAGAAGTTTTAG,0.0,1,1.0,greater
36,CTGAGAGAGCCAATGATGTAGTTCTCCAAAGACCTGCAGATTGGAGGCCC,0.0,1,1.0,greater
37,GGCAGAAGAATCACTTGAACCTGGGAGGCGGAGGTTGCCGTGAGCCAAAA,0.0,0,0.0,no change
38,ATGATTCCACAGGAAACATCACTGAAGAACCCTTAAGGAGTCATGAAAAG,0.0,0,0.0,no change
39,TCCCTAGTTATAAGTAGAACTTGATCAGGACAACGATGGGGTGGGAGTAT,0.0,0,0.0,no change
40,GTAATGCCATCCTCTCTCCCGTTGGATATTAGGAACAATAACACGGTGGG,0.0,0,0.0,no change
41,ATAAGATTGTTTACTGTTTTCTTTGCATATTCATTCCTGTGTGTATTTTT,0.0,0,0.0,no change
42,ATGTGTATATATATATACATATATATGTGTGTGTGTGTGTGTGTGTGTGT,0.0,1,1.0,greater
43,TTAAGGTTTGGTCAGTTTGAGACATACACTCTACTTGTGAGGCTCAGCAA,0.0,0,0.0,no change
44,CAGCCTAAGCAACAGAGTGAGACTCCATCTCAAAAAAGAACAAAAAACAA,0.0,1,1.0,greater
45,TCAGGCTGGGGTGGAGTGACGTGATCTTGACTCACTGCAACCTCCACTGC,0.0,0,0.0,no change
46,GGGTAGATTTTATTTTATTTTATTATACTTTAAGTTTTAGGGTACATGTG,0.0,0,0.0,no change
47,CATTGCTGGCTGGTAGAGTGTTTGAACAAGGGTCTAGGGAGTGTGGCTAG,0.0,0,0.0,no change
48,AGGCTGGTGTACAGTGACGTGATTATGTTTCACTACAGCCTCAACCTCTT,0.0,1,1.0,greater
49,TGAACCTTAAAAAGGCTCGGGTCCCGGCTGAGTTTATTCAGAATTTCTTA,0.0,0,0.0,no change
50,TAAAATCAAGCAAGACTCTAGGGGCTCAACTTTAATAACATAAAACATTA,0.0,0,0.0,no change
51,TGAACAAACACACACACACACACTTTCAATTCAATTCCTAGTACTGGGGC,0.0,0,0.0,no change
52,CCATACATCACAGTTTATTCATTTGTCCCTCAGTGGACAGATATTTATTG,0.0,1,1.0,greater
53,AATCCATGCTATTACTCCAGAGAAAGTGAAAACTTGAGTTCATCTCCCAG,0.0,1,1.0,greater
54,CTGGCTTTTAGTTTCCATTTGTGTGGGATATCTTTTTCTACCCCTTTACC,0.0,1,1.0,greater
55,AACCTGTGAATAGGTCATCACACCTGGAATAGAACATCTAGGAGACAGTC,0.0,0,0.0,no change
56,TTTAAAAAAAAAAAAGACAAAAATAAAATATCAACTTTTGTCACTGTGGG,0.0,1,1.0,greater
57,GGCTGGAGGATGAGGAGGAGGGGCACGGGTGTCAGGTGGGAAGAATTATC,0.0,1,1.0,greater
58,GATGAGGAGGAGGGGCACGGGTGTCAGGTGGGAAGAATTATCTCAAGCAA,0.0,1,1.0,greater
59,AGTTGCAATTAATCTACACCCAAACAGATTTGGGAGAGGTTATAATATGT,0.0,0,0.0,no change
60,TACTGAGTGTTTACTGTATAACTGGCTACATTCATTTAACACTTTCGATT,0.0,1,1.0,greater
61,TTAGCGTGTCACATCTGTTAAAATTGATGAGCCAATATTGACACATTATT,0.0,1,1.0,greater
62,CGGAGGTTGGGCCCACTAGAATAAACTGAGTCCAATACTTCTACACAGTT,0.0,1,1.0,greater
63,GGCTGCGTTTCTTACTGGAGGGTCTTTGGGGAGAATCCATTCCAGGCTGA,0.0,1,1.0,greater
64,GCCAATGATGTAGTTCTCCAAAGACCTGCAGATTGGAGGCCCAGGAAGAA,0.0,1,1.0,greater
65,TTACTTTTATGCTAAACTAATTATAAAAATATTAAGTTTTTTTCCAGAAA,0.0,1,1.0,greater
66,CTCCAGCCTGAGCAACAAGAGCAAAACTCCGTCTCAAAAAAAAAAAAAAA,0.0,1,1.0,greater
67,AGCAAATGGAAAACAAAAAAAGGCAGAGGTTGCAATCCTAGTCTCTGATA,0.0,1,1.0,greater
68,GAAAGTGCACTCATGATTTGGCTCTCTGTTTATCTGTTATTGGTATATAG,0.0,0,0.0,no change
69,TCAGGTAGTCTTATTTGGGTTAAGTCAGCTTGGTGTTATATGACATTCTT,0.0,0,0.0,no change
70,TTTATTCGTCAAGAAAGAAAAATATTTTCTTTTTTCTTTTTCTTTTTTTT,0.0,1,1.0,greater
71,GAAGGTACTGTTGAACAAGGACATCCCTCAGCTCCTTGGGAAGTAGTGTA,0.0,0,0.0,no change
72,AATTTCAAATGAACGAGGAGGGACTTTTACAATATAACACTATTTTCATA,0.0,1,1.0,greater
73,ACCCTTAATTAATGGCTGAATCTAATGTGTTCCTTTTTAGTTGTTCTATA,0.0,0,0.0,no change
74,TTAAAAGTACTGCTTGCAGCCGGTTGTAGTGGCTCACACCTCTATTCTCA,0.0,0,0.0,no change
75,TGGTTCTGAATTTGACTTTTTCCTTAATCACCATATTTATTTATCTTAGA,0.0,1,1.0,greater
76,TCTGTAAAATTAAATTAAATTAAATCGCATATACTCATTACTTTTTGACT,0.0,0,0.0,no change
77,ATTAGCTGAACTAACGTTTTCTCGCAAAATAAATAATTCTGAAAGAAAAT,0.0,1,1.0,greater
78,GGGCGACAGAGCTAGACTCTGTCTCAAAAAAAAAAAAAAAAAAAAAAAAA,0.0,1,1.0,greater
79,GAATTTGACTTTTTCCTTAATCACCATATTTATTTATCTTAGAAAATAAA,0.0,1,1.0,greater
80,CTTATCTTCTTCTCCGCCCTACCCTTCCCACTCAGCCTCTAATTACCACA,0.0,0,0.0,no change
81,ATTTTTGGCCTTTTGAGAGGCCCCCAGCTCTAAAATATTAACACTTACTT,0.0,1,1.0,greater
82,TCGTCTGAGATGTGGGGAGCACCTCTGCCCCGCCGCCCTGTCTGGGATGT,0.0,1,1.0,greater
83,GGTCTAGTGAATGTTATCCTAAACATATAGCAAGAGGAAAGGCTGAAAAT,0.0,1,1.0,greater
84,TCATACTTGTAAAACAATTAGGAATTAAAGCTTATTGGATGGAGACTGCT,0.0,1,1.0,greater
85,ACCAATGCATATTAGCTATTTGTATTTCTTCTTTTAGGATCCAGTGTATT,0.0,1,1.0,greater
86,CAATGTTCCAAAGTTAGAGAGGTCATTGACCTGGCAGTTGTCTTCGCAAG,0.0,0,0.0,no change
87,ATAAGGAAATTGGTATGAGTCTGTATTTTTAATTTTTATTGGAAATAATT,0.0,1,1.0,greater
88,CTACCAAGCAAATGGAAAACAAAAAAAGGCAGAGGTTGCAATCCTAGTCT,0.0,1,1.0,greater
89,TACAGAACACGTCATTGCACATGGTCATCAGTATGTAAAAGAAATGGAAG,0.0,1,1.0,greater
90,ACTGTAGGTTTAATATATGGCCATTGTCTAGAAGACACTGTAAACTCAAC,0.0,1,1.0,greater
91,TGACAACATAGGACCATAAATTCTTTTCCTTGTGTCCAATGTTAAGGCTT,0.0,0,0.0,no change
92,TTTAAACTTTTATTATTTTTCAAATAAATCAGTAAACAACATCATAAAAA,0.0,1,1.0,greater
93,TAGTGTTTGTTCCCTGATGGTAATTTAAATAGTTTCTTGTTTTGAGTGTC,0.0,0,0.0,no change
94,TGTATTTTCAGTAGAGATGGGGGTTTCACCATGCTGGCCAGGCTGGTCTT,0.0,1,1.0,greater
95,AGGTGTGGTGGCGGGCGCCTGTAGTCCCAGCTACCCTGGAGGCTGAGGCA,0.0,1,1.0,greater
96,ATAAATACTTGAGAGGTGATGTTTATTACAAATATCTGAAATATATACAT,0.0,1,1.0,greater
97,TAAAGACCAAGGCCTAGGATGGGTAAGAATAAAATTCCTAAAATATTTTA,0.0,1,1.0,greater
98,TTTTTTAAGTTGAAAACTAAGGTTCGATTTTTATGTTATTATTCAACAGG,0.0,0,0.0,no change
99,TACAAACAAATGGAAGAATATTCCATGCTCATGGGTAGAAAGAAACAATA,0.0,0,0.0,no change
100,CTCTTTGATGGCTATCATTTGTGACACCATGGTATTCTAGGCACTTTTTA,0.0,1,1.0,greater
101,AATTAAGGTGGTAGGAGTGATAATGAAGGTGGTAGTGGCAGTGGGTGTTA,0.0,0,0.0,no change
102,TCCTCCTCTGCTGAAAATGCTCTGAGGACCCCCCCTATCACTTAGAGTAA,0.0,0,0.0,no change
103,ATATCCATGAAAGTTTGCATTTTTGTGATGAAGAAATTGGAGTAGACATG,0.0,0,0.0,no change
104,TTTCAGATATTTCTTTTTCATTGGAATCCTTTGCTGGAGAATTGTGTTTC,0.0,0,0.0,no change
105,CACAATGTTAGGAGTCTACTCCTCAGATAGAATTTAATGAATGACCCAGA,0.0,1,1.0,greater
106,GAAGCTCTACAAGCCAGAAGAGAGTGGGGGCCAATATTCAACATTCTTAA,0.0,2,2.0,greater
107,TGAAGACATTTTAGCCAACAACCAAAGACTTAAACTTTACAAAAGATGTG,0.0,0,0.0,no change
108,AAGAATTGGGACTTGGATAACCGGAGTAAAAAAAATACTCTGACTATTGT,0.0,1,1.0,greater
109,TGCTGTCATGAATGCTGACATAAGTGGGAATGCTATGCCAGGTAATGTCA,0.0,1,1.0,greater
110,GGTTGGGCCCACTAGAATAAACTGAGTCCAATACTTCTACACAGTTATGT,0.0,1,1.0,greater
111,CTTTTTGGTTGGTAAGCTATTGATTATTGCCACCATTTCAGCTCCTGTTA,0.0,0,0.0,no change
112,ATTTTGTATAATGTCCCTCAAATTGTGTTTGTCTGATGTTTTTCTTTTGG,0.0,1,1.0,greater
113,ACAAGGTGTTTATTTCACCTGGGTGCAGGCGGGCTGAGTCTGAAAAGAGA,0.0,1,1.0,greater
114,CAGCATCAACAAAAAGGATGCCCACACAAAAATGCCATCTGAAGGTCACC,0.0,1,1.0,greater
115,AACAATTAGGAATTAAAGCTTATTGGATGGAGACTGCTGAAAAAAGGCAA,0.0,1,1.0,greater
116,TAATCTCAACAACACATAATTTACTCAGTATAGTTCTATCTCCTTTGTCA,0.0,0,0.0,no change
117,GCTATGAAACATTACTGAATCAATTTCTGGATAATGTGGTGAAAGATTCA,0.0,1,1.0,greater
118,AGCATCAATTAACTACCATTCAAAATGATTCAGCAATTAGCCCCTTATCA,0.0,1,1.0,greater
119,CTGGTGCCTTTCTGATTTTGTGGCTGAGGAATCCCACGCCCTCCTCCTAT,0.0,0,0.0,no change
120,TATTGCAGCTAAGTTTTTGTTTACTATTGAAATTAAGTTTGTATTAATCC,0.0,1,1.0,greater
121,TTGTTATTTTTAATTTTTGTGGGTACATAGTAGGTGTGTATATTTACAGA,0.0,1,1.0,greater
122,TGTTTGGCCTTCCATAGGATATTTCTGAAGCGCAGCTTTTAGTGGAATTC,0.0,0,0.0,no change
123,AACCCAAAATGATTTTTTAAACTAGAGACTAATGTGTTCTTAATTGACAA,0.0,1,1.0,greater
124,GATAAAACTCAAGTGCTAAAAGGCTAAAGTAACTTTTATATATATTTTTA,0.0,1,1.0,greater
125,GCTGATGGCACAATGTTAGGAGTCTACTCCTCAGATAGAATTTAATGAAT,0.0,1,1.0,greater
126,AATGGATTGTGAAGTTCACTGGGTAGTCCTGGGACAGAGTTGGTCACATT,0.0,1,1.0,greater
127,GGCTTAAAAAAAAGGCAAGCAGAGATAAAAGAAATTGTGGGTATAAATGT,0.0,1,1.0,greater
128,TACACACAAAATTACAGAACACGTCATTGCACATGGTCATCAGTATGTAA,0.0,1,1.0,greater
129,TGAGATGTGGGGAGCACCTCTGCCCCGCCGCCCTGTCTGGGATGTGAGGA,0.0,1,1.0,greater
130,GACAAAAATAAAATATCAACTTTTGTCACTGTGGGCAGGAAATATGAAAT,0.0,1,1.0,greater
131,TCAGCATTTTCCTAATTTGGAACCCCTGGAGGCTACTCTGACTAAAACAG,0.0,1,1.0,greater
132,AAGCAGGAGAAGCAGAAGCAGTAGAAGCAGCAGCAGCAGAAGCAGCAGAA,0.0,1,1.0,greater
133,TGCAGCCTCAGCTTGGCTGGTCGAGGGCAGGCTGGATTTCAGCCTCTTCT,0.0,0,0.0,no change
134,TGTGTAATCTATTCATTCCTCTCTTTATATTGCATGTTACCTCATTTATT,0.0,0,0.0,no change
135,CCTGCAGCTTTCCCAGGCACTTTGTGCAAGCTGTCGGTGGATCTACCATT,0.0,0,0.0,no change
136,CATGATGAAACCCCATCTCTACTAAAAAATACAAAAAATTAGCCGGGTGT,0.0,1,1.0,greater
137,AATAGATCTAAGACCTTTAAAAATTAGGAAATTATATATAACTGTCTGTA,0.0,1,1.0,greater
138,CAGGGATCATTTCACTCATTTATGTCACTTGTCTGCTTCCTTTAGGCATA,0.0,1,1.0,greater
139,TGGCTCTATGGATTTCAGACTGGACTTACACAATTGTATAAGCCAATTTA,0.0,1,1.0,greater
140,GTGGCTACATTAGTCAGATTTGGGCTATACTAATTCTGGGTAGCAAACAA,0.0,1,1.0,greater
141,GTTTCGCTAGTTTATCAGGTATTTGATCGTTTATTGCTATTTCCCTTTTA,0.0,1,1.0,greater
142,AGACTGAATAATATTGTACACACACACACCCATACATCACAGTTTATTCA,0.0,1,1.0,greater
143,ACAGAGCATATAAAGACCTCACATATTATAATAAAGAGAAGACAAAGAAC,0.0,1,1.0,greater
144,GTAATCGGCTTTTATCTGGGGCAAATACCATCTTAAATACAAATGTAAAT,0.0,0,0.0,no change
145,CAAAAGAGTCTGACCTTAAAAATATAACAAATGAAAAACCTTTTCTCAAA,0.0,1,1.0,greater
146,GTCTTGTGCCTTTATGAAATGGAAAAATCCAGACACAGACATACACACAG,0.0,1,1.0,greater
147,AAAACTCCATCCAAGACAATGTCTAGGTTTCCCTCCAGTGTTTTAATTTT,0.0,1,1.0,greater
148,ATTTTCTTTTTAGTTTCTATATATTTAAATATCAGAGATATTGCTCTATA,0.0,1,1.0,greater
149,TACTTAAGCACCTTTAAGTATATTAGGTACTGCAGCCATTGTCCAACAAT,0.0,0,0.0,no change
150,ATATATAGCATAGTGATGACTGGTTTATGGAAAAGTCTTGGACTACCTTG,0.0,0,0.0,no change
151,GGAACAAAAGGCTTAAAAAAAAGGCAAGCAGAGATAAAAGAAATTGTGGG,0.0,1,1.0,greater
152,CATATTTAAACATAGCTTCAATTGCTGTCTTCCCACCCCCATTTTTACAG,0.0,1,1.0,greater
153,TGGTGACTATTTGAAACCATTTAAGAGGGTTTTCCCTCAGAGGAACATTC,0.0,1,1.0,greater
154,CCTGCCTTGGGTTTCCCACCCCAATCCCATACACCAGGCCCTAGCCATTC,0.0,1,1.0,greater
155,AGCCATCGGCAGAAATGGCTTATTTCCTTTTCTCAATATTTTTTTCGTAC,0.0,0,0.0,no change
156,AGCTGAGGTTTCATGGGGTCACAGGGCACAATGGTTCATTCAATAATTAA,0.0,0,0.0,no change
157,ACTGTCTCTGGGCTTATTTCGACACTAAGACTCTCCTAGGAGTTGCCATC,0.0,1,1.0,greater
158,CTTCCCCTGGGAACTCGGCAGGCTTAGGCCAAATCTACCCAAGCGAAAAT,0.0,0,0.0,no change
159,TATATCCTCTTGGTGAAATGTTTGTGAGCATCTTTCTGTGTCAGTGTCCA,0.0,1,1.0,greater
160,TGTAATCCCAGCACTTTGGGAGGTCCAGGCAGAGGCAGGCAGATCATGAG,0.0,1,1.0,greater
161,AGTGACGTGATTATGTTTCACTACAGCCTCAACCTCTTGGGTTCAAGCAA,0.0,1,1.0,greater
162,GTAATGGTCTCCATTGAGGTAGTTACTTTCGCCACCTCTCTTGGCTTTTG,0.0,0,0.0,no change
163,AAACATTACTGAATCAATTTCTGGATAATGTGGTGAAAGATTCAAAGGAA,0.0,1,1.0,greater
164,TTTGCACCCTTATGTGAAGCAGCTGGGTTAGAGCTTCCTCCATGACATTA,0.0,1,1.0,greater
165,ATCAAGTTTGATCTAGGGCTTTATTAGGGAAAGTCAATGTTAAATACCAA,0.0,0,0.0,no change
166,TTCAGGCCAATATCCTTGATGAACATCAATGCAAAAATCCTCAATAAAAT,0.0,1,1.0,greater
167,CCTCAGTCTTCCAAGTCTCCACCACGACTTGGAGCATTTGAGAGACTATA,0.0,0,0.0,no change
168,GAGTTTGATTGAACTTATATTGTGTTTTTAATGACAATCTGCAAGACACT,0.0,0,0.0,no change
169,CATGCTATTACTCCAGAGAAAGTGAAAACTTGAGTTCATCTCCCAGGAGT,0.0,1,1.0,greater
170,CTGCAGCCTCAACCTCCTGGGCTCATGCAATCCTCTCACATCAGCCTCCA,0.0,1,1.0,greater
171,TCCCAACACAAAGATACTAAACTTGAGGTCCTTGGAAATTCTGCTTGGTA,0.0,0,0.0,no change
172,TGCGCCACTGCACCCCAGCCTGGGTGACGGAGCAAGACCCTGTCTCAATA,0.0,0,0.0,no change
173,TTATCTAAAGCAAGCCAGATGGACACAAAGCTTTTAGTTGACAATGCAGG,0.0,0,0.0,no change
174,TAAAGGTTTTGGTCTAGTCTTGGTTACTCTGGGAAAGTGTGTGTAGCCAT,0.0,1,1.0,greater
175,TAGTAAGAAGCTCTTTCTCACTTTCTAATACCCCGAGCTTTGCCTGAATT,0.0,1,1.0,greater
176,TGGGCCCACTAGAATAAACTGAGTCCAATACTTCTACACAGTTATGTTTG,0.0,1,1.0,greater
177,AAAAAGAATGAAAATAGATCTAAGACCTTTAAAAATTAGGAAATTATATA,0.0,1,1.0,greater
178,CTTCTTTCAGCTCAGAGTCAAAAGAAGAGTAAATGTTTTCGAAAGTGACA,0.0,0,0.0,no change
179,AATTCTAGTATTAATTTTGTTGGATGGAATACTAAAGCATAGATATTTGA,0.0,1,1.0,greater
180,AAAAATCCTCAACAAAATGGTCCAGCCGGCTACTAGTCCACACACTCCAA,0.0,0,0.0,no change
181,ACTGCTCCCTATAGCCCTCTGATGCAGGTACTATTGTTATCCCCATTTTA,0.0,1,1.0,greater
182,TTTGAATCGAGGCTTTATCATATACTATTTCTGTGATCTTGAGAACATTT,0.0,0,0.0,no change
183,TTTTCTAGGTTTATATGCAGTTAGCGTTTCTTTTTTTTTTTTTTTTTTTG,0.0,0,0.0,no change
184,CTTCTCAGCCACCATAATCATATGAGCTAATTCCTTGTAAGTATATGCTA,0.0,1,1.0,greater
185,CCATTATCAAATCTTCAGATCTCATGAAAGCTTACTATCACAAGAATAGC,0.0,0,0.0,no change
186,TTTTTCTTAGTATTTAAAATTATATAACTTTATAGAGTTTATGTTTTTAA,0.0,1,1.0,greater
187,ACCGCTATGCAATAGATTACTACTCAGCAATAAAAGAAACAAACCAATGA,0.0,0,0.0,no change
188,AGTAGTTTCACTGCTTTAAAAATCCTCTGTGTTTTGCCTATTCGTCTCTC,0.0,1,1.0,greater
189,ACCATATGGCAGTTCTATTTTTAATTTTTTGAAGAATCTCCATACTATTT,0.0,1,1.0,greater
190,AGTGGTCATTGTTCCAAGTCCAGCCCAACAAGTGGTTATTCTTATTCAAG,0.0,1,1.0,greater
191,CCTATAGCCCTCTGATGCAGGTACTATTGTTATCCCCATTTTACAGATGG,0.0,1,1.0,greater
192,AAACTTCAGCACAGCCGTCTGGCCAGTATTCCTGGAGTATATAACACTGA,0.0,0,0.0,no change
193,GTACTAAGAGTGATAGGATGGCCTTGGCCATCTCTGGATTTGAATCAATT,0.0,0,0.0,no change
194,GTTTTAAAACGTCAAATGCAAATGAAAATCAAGGCTAGACTATACTTTAC,0.0,0,0.0,no change
195,TGGTTGAAATATATATATATATATAACTTTTAAGTTTTCCCATGAATTTA,0.0,0,0.0,no change
196,TAATCATATGAGCTAATTCCTTGTAAGTATATGCTATTTTCAGAGTTGTA,0.0,1,1.0,greater
197,CTCATATTCTATGTCTGTGTAAATTTCCTCCCTTATATCCCTGAAATTCT,0.0,0,0.0,no change
198,ATGAAGCTGAATCACGGGTCACTCAGCATTTTCCTAATTTGGAACCCCTG,0.0,1,1.0,greater
199,GAGTTGTTCAATTTCCTTATCTATTTGCTTATTAACCCCTTATCAGATGT,0.0,0,0.0,no change
200,ACTAGCTCCAGAAGAAAATCTAAAATCCTTGCCTCATCCTCAAGGCTCTA,0.0,1,1.0,greater
201,GCCCAGAAGGAGGCAGAGACAGAATATGAGTGGGCACTAATGGCTGTGAC,0.0,1,1.0,greater
202,TTACAGTAAGCTAACATTAATTTATTCGTCAAGAAAGAAAAATATTTTCT,0.0,1,1.0,greater
203,TGTGTCCCACACTTGCTACTAATTACAAAATTGTCTACTAGGTGTTGCAG,0.0,1,1.0,greater
204,CCAACTGTAAAATGCTATATTTTTGGCCTTTTGAGAGGCCCCCAGCTCTA,0.0,1,1.0,greater
205,TATTTTGTTTCTGGATATAGACATGTGTATAAGATTAATCAAAATAACTG,0.0,0,0.0,no change
206,ATTCAAATGACAGTACGTTTTTTGTCAGAAACCACAAAGGCCAGAAAGAA,0.0,0,0.0,no change
207,GAAGACAGGCCTCCGAAGCGTCTCTCCTGGCTTAGAGGATAGTGGCTTGG,0.0,1,1.0,greater
208,CGGCCGCCCATCGTCTGAGATGTGGGGAGCACCTCTGCCCCGCCGCCCTG,0.0,1,1.0,greater
209,TAGAAAAAAATATCTTTCCAATTCTGTAGTTTCTGTAGAGCTAGGAATGA,0.0,1,1.0,greater
210,GAGCAACCGCTAGTTGCCATCACGGCTCATTATATGCTAATTATAGTGTA,0.0,1,1.0,greater
211,CTTGCTCTGGGGAAAAAAGGTCAATGTAACAACTCTTCTTAATAGAGTCT,0.0,1,1.0,greater
212,CTTTCATATCGCGGAGTACATCATCAGAGTAAATTCCTAGGAGTAAGATT,0.0,0,0.0,no change
213,CCATCTTCTACTAGCCTGCAGGCTTTTTGAAGACAGGAAATCATAGTTAT,0.0,1,1.0,greater
214,TTGTAAAACAATTAGGAATTAAAGCTTATTGGATGGAGACTGCTGAAAAA,0.0,1,1.0,greater
215,TCTGGTCTAGTGAATGTTATCCTAAACATATAGCAAGAGGAAAGGCTGAA,0.0,1,1.0,greater
216,GAGGGCATGGCTGTTTAAAAGAGCCATTTTTTGTTCTCAAGTCCTTAACT,0.0,0,0.0,no change
217,TGCTACACCCAAGTTTAAAAAATATTTAGCATGTGATAAAGATACATTTC,0.0,1,1.0,greater
218,TCAGCTTCCCAAACAGACGAGGGAGAGAGAGAGAGAGAACAGTTTTAGAG,0.0,1,1.0,greater
219,TTCCCTTTATACGTCTTTAATGTAAAACAAAAGAAAAAGAACTGCCACCC,0.0,0,0.0,no change
220,CTGAGGTATGGGCAGGGCTGCGTTTCTTACTGGAGGGTCTTTGGGGAGAA,0.0,1,1.0,greater
221,TGGCTAACATGATGAAACCCCATCTCTACTAAAAAATACAAAAAATTAGC,0.0,1,1.0,greater
222,TACCCTCTGTCAAATGTAAATTAAATTCCACCATAAAATTTATATTCTCA,0.0,0,0.0,no change
223,GATATCCATTTCCCTCTCCATTTTTGTCTCCCTCTCTTGGTTTCTAAAAT,0.0,1,1.0,greater
224,TGTTATCCTAAACATATAGCAAGAGGAAAGGCTGAAAATATTAGTGTATA,0.0,1,1.0,greater
225,ACATGTGTATATATATATACATATATATGTGTGTGTGTGTGTGTGTGTGT,0.0,1,1.0,greater
226,TTTTTATTAAGTGCAGCAGAAAACTGTAGGTTTAATATATGGCCATTGTC,0.0,1,1.0,greater
227,AAAGGATTACTAGGTAGAATGATTATATTGGGGAACAGAAATTAACATGT,0.0,1,1.0,greater
228,CTTTATAACAACCACAAGAACACGAAACTCCTGTAACTAGCCAAAGTAGT,0.0,0,0.0,no change
229,GCACTTTGGGAGGCCGAGGCAGGCGGATCATGAGGTCAGGAGATCGAGAC,0.0,1,1.0,greater
230,GGGGGTTTCACCATGCTGGCCAGGCTGGTCTTGGACTCCTGACCTCAGGT,0.0,1,1.0,greater
231,CACCACCTGAAGTAGGCATATCTGATATGGAATTTCTAATTACATGTTTT,0.0,0,0.0,no change
232,TATTACATCTGCTACTGAATTCAAGCTTCTTTGATAAGTTATTTTTGTTG,0.0,0,0.0,no change
233,GTCTCAAAAAAAAAAAAAAAAACAAGAAGACCTTGCATTCTTTTCTCTTG,0.0,0,0.0,no change
234,TGCATTAACTTTAAAAAAAAAAAAGACAAAAATAAAATATCAACTTTTGT,0.0,1,1.0,greater
235,CAACAAGTGGTTATTCTTATTCAAGAATGAAGTGGAAATCTGAGTTCAGA,0.0,1,1.0,greater
236,TTCTAAATTGTTTAATTTTGGTTTGCGGGAGATTATTTTGTGATCCTGGT,0.0,0,0.0,no change
237,CATGCTAAGGGCTTGTTAAATAAGCAACATGAAGAGCATCAATCAGGTTG,0.0,1,1.0,greater
238,GAAGGTCAGCAAAGTATAGCATGAGAGAAGCTCCCACTGGGTCCAACCCA,0.0,0,0.0,no change
239,GCGCGGGGGCTCACGCCTGTAATCCCAGCACTTTGGGAGGTCCAGGCAGA,0.0,1,1.0,greater
240,TGTAGGGTAAACCTTCTTTCACTTGTTTGCTTTTGAAAAGGTCTCTTAGA,0.0,0,0.0,no change
241,CCAGTCTGTACTAAAAATACAAAAATAAGCCAGGCGTGGTGGTACTTGCC,0.0,0,0.0,no change
242,CATGCGTGTGTGTGTGTGTGTGTGTGTGTGTGAGAGAGAGAGAGAGAGAG,0.0,1,1.0,greater
243,TAAAAAAGTTTCGCTAGTTTATCAGGTATTTGATCGTTTATTGCTATTTC,0.0,1,1.0,greater
244,CCAGGCTGGTCTTGAACTCCTGGACTCAAGCAATACACCCTCCTCGCCCT,0.0,1,1.0,greater
245,CAATATCCTTGATGAACATCAATGCAAAAATCCTCAATAAAATAAGTAAT,0.0,1,1.0,greater
246,CAATGTTTTTGATGGGGACAGGGTTCGAAAAAATCCGAGCTGCAGAAATG,0.0,0,0.0,no change
247,AGGGATTCTTCAGTTCCATTTTCTAACTGGCTGACCTTGGAGTACCTGCT,0.0,0,0.0,no change
248,ACAGGTTCACTTATTTGTGAATTTTCTTCAGTTTCCGGCACCCTAGACAG,0.0,1,1.0,greater
249,TATGTCTCCCATCTTTACCTTGTGCTTCCGTAACTACTCCTACTTAGACA,0.0,0,0.0,no change
250,CATAGAAAAAAAGGCTTTACCCACTCAAACATCGTAAGTACATTAACACA,0.0,1,1.0,greater
251,TTTGGTTTTGCCTCAGTTATAATTTAAGCACATTTTTAAATATCTGTCAG,0.0,0,0.0,no change
252,GCTAAAATGAATTGTCTAATATTCTGATTGCTGTACATATTTTAATACAT,0.0,0,0.0,no change
253,TATGTTCAAGCAACTAGAGTATATTTTGAATATGTGAAGACATAGAAGAT,0.0,0,0.0,no change
254,ATGAAGAAAAACCAGTGCAAAAAGCCTAAAAATTCAAAACCCGGAATGTC,0.0,0,0.0,no change
255,GAAGCTAAAAAAGCATCTTGCCAGCTTTGTGATCCAGGGATGTCTTTCTC,0.0,1,1.0,greater
256,GGGTCTTGCTGTGTTGCCCAGGCAGAAGTACAGTGGAGTGATCATAGCTC,0.0,0,0.0,no change
257,TCTGAATTTGACTTTTTCCTTAATCACCATATTTATTTATCTTAGAAAAT,0.0,1,1.0,greater
258,TTTGTCTTTTTTTTTTTTTTTGCATAATGTTTAATTTGGGGTTTACGGAA,0.0,0,0.0,no change
259,GAGAAAAAATAATTAATTTGGCTTGGACCATTCTGGTACAAAGGTCCAGT,0.0,1,1.0,greater
260,CACCCTACTGGTACTATTTACTGTATTAGTTCATTTTTATACTGCTATGA,0.0,0,0.0,no change
261,AAAAAGGCTTTACCCACTCAAACATCGTAAGTACATTAACACAGTATTTT,0.0,1,1.0,greater
262,AAATATTTAGCATGTGATAAAGATACATTTCAAATTATTGAAAGAAAGAA,0.0,1,1.0,greater
263,TCCCTCATTTTTTACTAGTTTATCTTCTCCTGAATAGAATGAGAATGCAT,0.0,1,1.0,greater
264,CCAGAGTAGTGGTTTCCAAATTATTACTGTGGAGTCCAAAACTTTGTGCA,0.0,1,1.0,greater
265,ATGGACTCTTTACTTATCTCTCTGGACTTGCATTTCCTCTCTATAAAATT,0.0,1,1.0,greater
266,CACACGTATGTTTGTTGTAGCACTGTTCACAACAGCAAAGACTTGGAACC,0.0,1,1.0,greater
267,TGCGTTGGCTCTTCTATGTGAAATATAAAAATAAAAGCAACACCTTAATT,0.0,1,1.0,greater
268,TTTGATAGGGGTACACACACACACACACACACACACACACACACACACAA,0.0,1,1.0,greater
269,TTGATGGGGCTGGGCTGCTCTAACCAGTATTTGGTGGAAGACTTCCAAAA,0.0,0,0.0,no change
270,TAAAGACCTCACATATTATAATAAAGAGAAGACAAAGAACTTAGTGAAAG,0.0,1,1.0,greater
271,ACTAGGCAACTCGCTTGCCTTACCCTAGTGCTTTCACTGGCAAACTAAAG,0.0,1,1.0,greater
272,TAGCTGGCTTGGCCTGGAGACCATGTTTGGGATTTGAGTTCTGTCGTAAG,0.0,0,0.0,no change
273,GTAGTTTCTGTAGAGCTAGGAATGACAATTAATATGCTGGAGATCAGAGT,0.0,1,1.0,greater
274,TCCACAAAGGTTGAACTAATTTACACTCCCACCAACAGTGTAAAAGCGTT,0.0,0,0.0,no change
275,AGTATAATGGGTGGAATCCAGAGGCTGGGATAGAGATTGTCTTCAGAATC,0.0,1,1.0,greater
276,TCAGGTGATCCTTCCACTTCAGTCTCCTGAGTAGCTGGGACTACTGACAT,0.0,0,0.0,no change
277,TAGCCAAAGGTCTCTACATTTTTAGATGGATGGACACTGGACTCGCCATG,0.0,0,0.0,no change
278,TGGAACTTTATTTCTTTGTTATTTTTAATTTTTGTGGGTACATAGTAGGT,0.0,1,1.0,greater
279,GCTCCCTATAGCCCTCTGATGCAGGTACTATTGTTATCCCCATTTTACAG,0.0,1,1.0,greater
280,CCAGGCATCAGTATTTTTTAAAACTCTCCAGACAATTCCAATATAGAGCC,0.0,0,0.0,no change
281,GCTTCAGCTGAGAGCTCTGGGGCTCTGTTGTCTGTAGCTGGGATGCAGTC,0.0,1,1.0,greater
282,ACCCTGAGACAGTCTGATTCAGTGGGAATTTGTATTTTAACAAGCATGCT,0.0,1,1.0,greater
283,ATGGGGCTATAGCCAAATGGATTGTGAAGTTCACTGGGTAGTCCTGGGAC,0.0,1,1.0,greater
284,ATTTATGTCACTTGTCTGCTTCCTTTAGGCATATGAGCTTGCTACTTCTC,0.0,1,1.0,greater
285,TGAGATATGTCAACGGAGTATTGCTTCACCAGAATTTGAGTTCTCACCAC,0.0,1,1.0,greater
286,CAGCTTTTGCAAGCTTTATAGATATTTTAGTATGAAGGTGAGAGAGGCCG,0.0,1,1.0,greater
287,GTCCCACCATGTGCCCAGAAGGAGGCAGAGACAGAATATGAGTGGGCACT,0.0,1,1.0,greater
288,CAGCAGAACACTTACTCTATTTTATACAATGAGATGTTGCCCAATTCTAG,0.0,1,1.0,greater
289,TATATAAATTTTTCCGGAAGCTAAAAAAGCATCTTGCCAGCTTTGTGATC,0.0,1,1.0,greater
290,GCAGCAGAAAACTGTAGGTTTAATATATGGCCATTGTCTAGAAGACACTG,0.0,1,1.0,greater
291,CCTAATGTGTCGTGGCCTACCACTACCCTGGGATTAAGACATGCAGAGAC,0.0,0,0.0,no change
292,CTTCATGTTGCAGTTAAAAAAAAAAAAAAGTATCCTAGTTCTTTCAGAAC,0.0,0,0.0,no change
293,AAGGGTCCATGATAATTTGCTAGGTTGAAAACTGTTACTTTAGGTTTCTT,0.0,0,0.0,no change
294,TTAAAAACATATATTAAGTTTTATTATATATAAATAAGTTTAAATGGTTG,0.0,0,0.0,no change
295,AACTGAGATGTCTAAAAAAGTTTCGCTAGTTTATCAGGTATTTGATCGTT,0.0,1,1.0,greater
296,GTACATCCATACTAATACATGCTACAACACGGATGAACTTTGGAAAATTA,0.0,1,1.0,greater
297,AGTCCAGCCCAACAAGTGGTTATTCTTATTCAAGAATGAAGTGGAAATCT,0.0,1,1.0,greater
298,AAAAGCATCTTGCCAGCTTTGTGATCCAGGGATGTCTTTCTCAAGGACCT,0.0,1,1.0,greater
299,TGAGACCAGCCTGGCCAACATGGTGCAACCCCGTCTCCACTAAAAATACA,0.0,0,0.0,no change
300,CAATAATAAAGTAGGGATGTAAAGAGATAATTAGAATCAGCCCCCACCGC,0.0,0,0.0,no change
301,TGAAGGCTCTAGGAAAGATTCTTTCTTTACTTCTTACTGGCTTCTGGTGA,0.0,0,0.0,no change
302,TTGATTATTTTTTCCGTTCTAAGATTTCTATTTGGTTATTTTCCTTCTAC,0.0,0,0.0,no change
303,GAACATTTAGATTATCTAGAGATGCCATCATGTGAATTTAGCCTATTATT,0.0,0,0.0,no change
304,TTAGAGTAGCACCTACCTTAAAATAGTTGCTCTATAAATGGCTAGCAACT,0.0,0,0.0,no change
305,TTTTTCCTGCTATATGTGTTATACATAATTTCCATTGTATTATTTGTCTT,0.0,0,0.0,no change
306,TGTTTCACTACAGCCTCAACCTCTTGGGTTCAAGCAAGCCTTCCACCTCA,0.0,1,1.0,greater
307,GTATGTGTTTTATAGAGTAATAAAATGCTTTACTTAAAATGAGGTAAGTA,0.0,1,1.0,greater
308,AAAGCCCAAAATGACACCAGGGCCTGCACCAAATAAAACAACAATTCACA,0.0,0,0.0,no change
309,GCAGAAGCAGTAGAAGCAGCAGCAGCAGAAGCAGCAGAATCAATAGAAGA,0.0,1,1.0,greater
310,TTGCTGAGGGTTTTTAATCAGTTATGGATACTGAATTGTGTCAAATACTT,0.0,1,1.0,greater
311,TCATAAAACAAACAATTCAAATAGAAATGGAGCAAAATACATCAAGACAC,0.0,0,0.0,no change
312,CGGATAAATAAAAGGTGGTACATCCATACTAATACATGCTACAACACGGA,0.0,1,1.0,greater
313,GTGAGACTCCATCTCAAAAAAGAACAAAAAACAAAAAACAAAAACAAAAA,0.0,1,1.0,greater
314,CCAGAAATTCAGGAATTCAGATTTCTTTCTAACTAGGCCAGGGCTCTTTA,0.0,0,0.0,no change
315,TCTCTGGCTGCCCTTAACATTTTTTCTTTCATTTTCGCTTTGGTGAATCT,0.0,1,1.0,greater
316,CCGAGTTGTCGTAGCTTTGCACCCTTATGTGAAGCAGCTGGGTTAGAGCT,0.0,1,1.0,greater
317,ATTAATTATATTCACTTTTTCAAACTAGAGCATTTATTTTAATCAAAGAA,0.0,0,0.0,no change
318,AAGAGAGTGGGGGCCAATATTCAACATTCTTAAAGAAAAGAATTTTCAAC,0.0,16,16.0,greater
319,TTCTATTTTTAATTTTTTGAAGAATCTCCATACTATTTTCCATAGTGGCT,0.0,1,1.0,greater
320,CTTTTTCACTTAAATAGTGAGTATGATACTGTATTGGGGGAATAAAGTTA,0.0,0,0.0,no change
321,AGCTCTGGGGCTCTGTTGTCTGTAGCTGGGATGCAGTCCTTTGAGACTCT,0.0,1,1.0,greater
322,AGAATGATATTTTTAACTGCCCTCTTTCTAGAATATACTATTTGTACTGG,0.0,0,0.0,no change
323,CTGGCTACATTCATTTAACACTTTCGATTTTCCTTGAGGCAGTAAATTAT,0.0,1,1.0,greater
324,GTGTACTTTTTAACTCTTCCTGAAACTTGGCTATATGTTGAAGACACTTT,0.0,0,0.0,no change
325,ACTTCTGAGGAATAGAGATGGGTCAGAGAGCTACCTTCATGACTGAGCAC,0.0,0,0.0,no change
326,AGAATACAATTGGGAACAAAAGGCTTAAAAAAAAGGCAAGCAGAGATAAA,0.0,1,1.0,greater
327,CACAGAGAGTAGGCTGATGGCACAATGTTAGGAGTCTACTCCTCAGATAG,0.0,1,1.0,greater
328,CAAAAGAGGAAATAGGTGAGATGCTAATACCATGTTACAGGTCAGAATGG,0.0,1,1.0,greater
329,CTATGAATAATAGAAATGGAAAGGAGGTCTATTATGTGCACTTAGAGGGT,0.0,1,1.0,greater
330,GCCCTCTGAAGGCAAAAGAGTAGTAATAATAATAACACACCAAGGCAAAG,0.0,1,1.0,greater
331,TTTGAAGAAAAAAAAATTTGTGTATAAGTAAACATCTGAAAATACTTTTT,0.0,1,1.0,greater
332,ATACCTATAGAATGCAATGCTTTACTGACTTTCTTTTCAATTAATCTTGG,0.0,1,1.0,greater
333,ATGTAGTTGGAATTATTAGTAAGAAGCTCTTTCTCACTTTCTAATACCCC,0.0,1,1.0,greater
334,GACCATTGCTGTGAAGATCTTAGAGCAAGAGAGGACTGAAGAAGTTAAAT,0.0,0,0.0,no change
335,TTACACACTAGGCAACTCGCTTGCCTTACCCTAGTGCTTTCACTGGCAAA,0.0,1,1.0,greater
336,GCAGTTCTATTTTTAATTTTTTGAAGAATCTCCATACTATTTTCCATAGT,0.0,1,1.0,greater
337,ACTATCTTAAGGATGCAAAGTAAACAACTGTCAATTTTTAATTCTATAAC,0.0,0,0.0,no change
338,AAGCCAAGGCAAATATGTGAGAAACAGTAATTATGAGTATCAGAAAACAG,0.0,0,0.0,no change
339,AAGAGGACCAAAGACTGAGAGACCTGGGCACTCCAAAATTTAAAGATTGA,0.0,0,0.0,no change
340,GCCTGAGCAACAAGAGCAAAACTCCGTCTCAAAAAAAAAAAAAAAAAGAA,0.0,1,1.0,greater
341,TGACTAATAATCTTTTCCCAATAGTGTTTTGTATATTTTCTAAGAATAAT,0.0,1,1.0,greater
342,CTTGAGAACTGAGAGAGCCAATGATGTAGTTCTCCAAAGACCTGCAGATT,0.0,1,1.0,greater
343,AGCAGCAGCAGAAGCAGCAGAATCAATAGAAGAATCAGAATCAGAAGAAA,0.0,1,1.0,greater
344,AATGTTTATTTTTCTTTGTTTTCACTGCTGTCATGAATGCTGACATAAGT,0.0,1,1.0,greater
345,ATTGTGTCTAAAAAGCAAGACTTATATCAAAACAGGATCCCTTGCCCCTT,0.0,1,1.0,greater
346,AAAGTTATAAAGTAAAAATTTACAGTAAGCTAACATTAATTTATTCGTCA,0.0,1,1.0,greater
347,TATTTTGTGTTTCATGTTTACTATTGTATCTCCCAAATCTAGCACAGTAC,0.0,0,0.0,no change
348,CTATATATTTAAATATCAGAGATATTGCTCTATAAGCTAAAGATCTGTAT,0.0,1,1.0,greater
349,CATCAAGCATCAATTAACTACCATTCAAAATGATTCAGCAATTAGCCCCT,0.0,1,1.0,greater
350,ATAAATGTTAAAGACCTGCATTAAGTTTCTAAAAAAAAATCAATTACATA,0.0,1,1.0,greater
351,AGGCAGGCAGATCACCTGAGGTTGGGAGTTCAAGACCAGTCTGACCAACA,0.0,1,1.0,greater
352,AGGATGAGTTCATGTCCTTTGTAGGGACATGGATGAAGCTGGAAACCATC,0.0,9,9.0,greater
353,GGCGAAATATTTAAGTGATCTATCAAATAACCTGGCCAGGCATGGTGGCT,0.0,0,0.0,no change
354,TGTCTTCCTTGGCATCTAATGGGGACTTAATAGATGCCTATGTTTTTAAC,0.0,1,1.0,greater
355,ACTGAGTGTTTACTGTATAACTGGCTACATTCATTTAACACTTTCGATTT,0.0,1,1.0,greater
356,AGAGCTAGACTCTGTCTCAAAAAAAAAAAAAAAAAAAAAAAAAAGAAATA,0.0,1,1.0,greater
357,TCCCAATCAAGCTACTATTCTGTTCAAAATACTCTGAAAAAATCTCATTT,0.0,1,1.0,greater
358,GTAAAATATGGTATATGCATACAATTTTATTCAGCCTTTATTCAATAGGA,0.0,1,1.0,greater
359,AAAATTAGGAAATTATATATAACTGTCTGTAATATTATTTTCCTTAAGAT,0.0,1,1.0,greater
360,TTGAGATCCACTACTATACATCAAGCATCAATTAACTACCATTCAAAATG,0.0,1,1.0,greater
361,GGCTGGGGAGGACTCACAATCATGGAGGAAGGCAAGGAGGAGCAAGTCAC,0.0,0,0.0,no change
362,TTTCTTACTGGAGGGTCTTTGGGGAGAATCCATTCCAGGCTGATTCAGGA,0.0,1,1.0,greater
363,ATTGGGGAACAGAAATTAACATGTAAATAGTTTTGTTTTTTTTTTAATTT,0.0,1,1.0,greater
364,ATATATGACCACTTAACTTTCAGAGATATTACTATGACTACCTACAGATA,0.0,0,0.0,no change
365,AAGGAGGCAGAGACAGAATATGAGTGGGCACTAATGGCTGTGACACGGCA,0.0,1,1.0,greater
366,TGAGAAATTAGAGAACCCAAAATGATTTTTTAAACTAGAGACTAATGTGT,0.0,1,1.0,greater
367,GACTAGGAAAACTATATGAATAGCTGTGACATTAGACAAAATAAAGAAGA,0.0,0,0.0,no change
368,CTCCCTCTCTTGGTTTCTAAAATTGTTTTCAGTATCAGGTGTTTTCTTTT,0.0,1,1.0,greater
369,AACCTGTTATCTGCTATGAAACATTACTGAATCAATTTCTGGATAATGTG,0.0,1,1.0,greater
370,TTCTTTTGGGACTCCCATAACAAACGTTGGTTCACTTGATGGTGTTCCAT,0.0,0,0.0,no change
371,GCCAAGTGTATTCACTGCAACATTATCAGCTTCCCAAACAGACGAGGGAG,0.0,1,1.0,greater
372,TGTTATTTTTAATTTTTGTGGGTACATAGTAGGTGTGTATATTTACAGAG,0.0,1,1.0,greater
373,CCTTCAACTAAGTATTTTAAGGAGCACAATATTAACACTCCCCAAAAATT,0.0,1,1.0,greater
374,GAAATCTTAGGAAGATCCCTTACCCTAAGTTTCAATTCCTCATCTATAAA,0.0,0,0.0,no change
375,TGTGTGTGTGTGTGAGAGAGAGAGAGAGAGAGAATCTTCAGCTATCCTAA,0.0,1,1.0,greater
376,AGTGCAACCATATCCAAAATACTTTCTGATCTGTGATCTCATCAGCAACC,0.0,0,0.0,no change
377,CTTTACCCACTCAAACATCGTAAGTACATTAACACAGTATTTTCTTCTAA,0.0,1,1.0,greater
378,CTTTATTTAGGCTTTTGCAATAGGAGAGAATGAACTTAACTCTGATGAAA,0.0,0,0.0,no change
379,AATGGCCAACGCAACCGGTGGAATGTGGACCACAGGCTCCTAACATGAGC,0.0,0,0.0,no change
380,TTAGAGAACCCAAAATGATTTTTTAAACTAGAGACTAATGTGTTCTTAAT,0.0,1,1.0,greater
381,CCAACACTTTAGGAGGCTGAGGCAAGAAGATAGCTTGATGTTAGGAGTTT,0.0,0,0.0,no change
382,CAACAAGAAAAGAAAATTTCAGGCCAATATCCTTGATGAACATCAATGCA,0.0,1,1.0,greater
383,TACTAGCTCCAGAAGAAAATCTAAAATCCTTGCCTCATCCTCAAGGCTCT,0.0,1,1.0,greater
384,AAAGTCACATGCACACATATGTTTATTGCGGCACTATTCCCAGTAGCAAA,0.0,0,0.0,no change
385,AGTATAGAAAGACTAAACTGCTCTAAAAGTAGTCATTTTAGTTGCCCCAC,0.0,0,0.0,no change
386,CTTTACTGACTTTCTTTTCAATTAATCTTGGTTGTGCTGGCCTAGTGGGG,0.0,1,1.0,greater
387,TAGAATGGTGATTAGAAATGGAGAGTGTAATGTTGGTCTTGTTTTAGTTA,0.0,0,0.0,no change
388,AGTAATGCATAACAGTACACGAGTATAAAACATGGTCATGTTTCTTTACC,0.0,1,1.0,greater
389,TCCCAATAGTGTTTTGTATATTTTCTAAGAATAATTATTCTAATGTCAAA,0.0,1,1.0,greater
390,TGCAGCCATAAAAAAGGATGAGTTCATGTCCTTTGTAGGGACATGGATGA,0.0,13,13.0,greater
391,CTTCAGAACTTCTTTAAATATCCATATATTTCATTTTTAAAATTAAATAA,0.0,0,0.0,no change
392,CATGGTGTGTGTGTGTGTATCCATATATGCTACATTGCCTTTATCCAATC,0.0,1,1.0,greater
393,GCCATTGCAGAAAGATAACTAATGGCTTATATACAAGAGATCGCAGTTAA,0.0,0,0.0,no change
394,CAAGGGCCAGGCTGGTCTCTTCAGCCCCATCTTCCAGATCATTCTCTGTG,0.0,1,1.0,greater
395,GAAGGTACCATCTGAGCGAGTCAATTTCCCATGGGTCCCTTCTTGCACCT,0.0,1,1.0,greater
396,ACCTGGCCTTTTTCTCTGGCTGCCCTTAACATTTTTTCTTTCATTTTCGC,0.0,1,1.0,greater
397,AAATGGAAAGTTAGGGTTTAAAAGGAATGATAATGTGGAAGAACTGTAGA,0.0,0,0.0,no change
398,AAGGCCTAGGATGGGTAAGAATAAAATTCCTAAAATATTTTAGATTCCTT,0.0,1,1.0,greater
399,TGCTGCTTCACCTTGCATTTTTATGTTATGGAGATGGCTTCTTTCCTTAC,0.0,0,0.0,no change
400,TTCATATTGCCTGTAAGAATTGGGACTTGGATAACCGGAGTAAAAAAAAT,0.0,1,1.0,greater
401,CCATAGAAAACCACACATGACTCCTGCCAACCCGATACCAGTTGGGGTGG,0.0,0,0.0,no change
402,ACATTTGTGTAGCTGTCCAGAAAACCTATCAGTTGTTGGCTGTAGTTCCT,0.0,0,0.0,no change
403,GCTGATGGAGAACTACACACAAAATTACAGAACACGTCATTGCACATGGT,0.0,1,1.0,greater
404,TTGAATCTCTGATGATCTCCCCACATTCTAGCCCTTTCTCAAATCCCACC,0.0,0,0.0,no change
405,GGGTCACTCAGCATTTTCCTAATTTGGAACCCCTGGAGGCTACTCTGACT,0.0,1,1.0,greater
406,TGCAAGGATCTTGTACTCTAAACCTATGAATATAGTCCACAGAGACTGTG,0.0,0,0.0,no change
407,TTACTTATTAATAGCTGTTCGGCATATATGGTATGGAAATGGTAAACAAT,0.0,0,0.0,no change
408,GGCGCCTGTAGTCCCAGCTACCCTGGAGGCTGAGGCAGGAGAATGGCGTG,0.0,1,1.0,greater
409,ACCTCGTGATTCGCCCGCCTCGGCCTCCCAAAGTGCTAGGATTACAGGCG,0.0,0,0.0,no change
410,TTGGTCTTTAAAGATAATGAGAACTGTCAAAAGAGGAAATAGGTGAGATG,0.0,1,1.0,greater
411,AACCATTTATACTTATATTGGAATTTTAGATGTGACAAGAATGTGAAAGG,0.0,0,0.0,no change
412,CCACCTCTACGTGCCTACACATCACTCCTTTTCTCGCTTCAGCTTCCTTA,0.0,1,1.0,greater
413,CTTTCTTTTCAATTAATCTTGGTTGTGCTGGCCTAGTGGGGCTGTGTTCT,0.0,1,1.0,greater
414,TATTGTACACACACACACCCATACATCACAGTTTATTCATTTGTCCCTCA,0.0,1,1.0,greater
415,GTTAGAGTCCTGGTATTATGAAATTGTTTATATAGTACTAGATTTTTTTA,0.0,0,0.0,no change
416,CTCCAGTGACTTTTACTAGCTCCAGAAGAAAATCTAAAATCCTTGCCTCA,0.0,1,1.0,greater
417,AATATTGCAGAGGGGAAATTTACTGCATTAATTTCAATCACTAGACATTT,0.0,1,1.0,greater
418,AGGGTATCAGTGATGGACGATCAAATGAATGAAATGGAGCGAGAGGAGAA,0.0,0,0.0,no change
419,CACGAGTATAAAACATGGTCATGTTTCTTTACCAGTGTACTAGGTGAGTG,0.0,1,1.0,greater
420,CAGTATAGTTGAATGCTTACAAGAGGAGAAGCTTTTAGCAACTCCTTTGT,0.0,1,1.0,greater
421,TATATATTGCAGCTAAGTTTTTGTTTACTATTGAAATTAAGTTTGTATTA,0.0,1,1.0,greater
422,TTAGAGCAATTAATGGGACTTCTCAGCCACCATAATCATATGAGCTAATT,0.0,1,1.0,greater
423,TCTTGCAATTTATGTATCCTTACGACCCACCTTGAGGTCTTTTGGAAACA,0.0,0,0.0,no change
424,TCTGTTAGAATTGATCAATTCTAGGGCAACTACACAATTAATTACCTTGC,0.0,0,0.0,no change
425,GGTCATGCCATGCCATGGGGCCTGAGGCAGTCTTAGGACACGGGGCGTCT,0.0,0,0.0,no change
426,CTTCCCTATGTAGGTGACCTGGCCTTTTTCTCTGGCTGCCCTTAACATTT,0.0,1,1.0,greater
427,GCAAACTTTATGTGAAAGAGACTGAGGAAAGTTTAAAACTCCTAAGAAAA,0.0,1,1.0,greater
428,TTTTTAAAGAAACTGCCAAACTATTTGTCAAAGTAGTCATACAATTTAGC,0.0,1,1.0,greater
429,ACAGAAAATACAAATAAAATGAACTAGCAGAAAAGAAAGCCTTTGCAAGT,0.0,0,0.0,no change
430,ACACAGATTCTAAAAATTATAATTGCCTCTCTCACCAAGATGTCAAACAA,0.0,1,1.0,greater
431,AAACTTTTATTATTTTTCAAATAAATCAGTAAACAACATCATAAAAAGTC,0.0,1,1.0,greater
432,AATCAAGCTACTATTCTGTTCAAAATACTCTGAAAAAATCTCATTTTCTA,0.0,1,1.0,greater
433,TTGTGCAAGCAGGAATTACACAGAGAATGACAAAGAGATGTAACTCCAGG,0.0,1,1.0,greater
434,TTTATTCACAATTTAAAATCATAGCAGTTTAAAGCTGTAGGGGACCAGAA,0.0,0,0.0,no change
435,CTGAGTGATAGATTGTTTTTACCCCTGTCATCTTGTAGCATTGCTTTAAT,0.0,0,0.0,no change
436,GGCTGAACATCAAACAACTTAGTGAATAATGGAAGCTCCTGTAGGCTCCT,0.0,0,0.0,no change
437,AAGTAAACATCTGAAAATACTTTTTCCTTTATTCCACCCATAATAAATAT,0.0,1,1.0,greater
438,AAACTAATGTCATCTTGCTATTATAAAACGTGGTCATCACATTTATTTTG,0.0,0,0.0,no change
439,GCTCATAGAGATTCTGGGAAGACAAACATCTAGGTATGAACTACTGGAAA,0.0,0,0.0,no change
440,ACACATCAACGACCACCGTCAGAAATGGCAGATTTTCTTAGTGATGCTAT,0.0,0,0.0,no change
441,GTTTCAAAATCCATGCTATTACTCCAGAGAAAGTGAAAACTTGAGTTCAT,0.0,1,1.0,greater
442,ATTTTCTCATTCATTCATTCACTGTAACATCAGCTCCACAAAAGCAAAGA,0.0,1,1.0,greater
443,GACCTTCTCTAGATGTTCCATTATCCAGGAACCTCCATATGTTCAGCTAT,0.0,1,1.0,greater
444,TACGTATGTTGGACTATTTTATATAATCTACAAGATCCTTGAGGTTCTGT,0.0,1,1.0,greater
445,TAAGACTGTATGGTCCATTAGAGGTATGGATGCCTGGGTCTTGGCTAGAG,0.0,0,0.0,no change
446,TTAGAGAAGATGGGGCTATAGCCAAATGGATTGTGAAGTTCACTGGGTAG,0.0,1,1.0,greater
447,ACGAGTATAAAACATGGTCATGTTTCTTTACCAGTGTACTAGGTGAGTGA,0.0,1,1.0,greater
448,ACCTGAACCACAAAGCAATAAAAATGAGAAGTAAATAATATTTGATTTGT,0.0,0,0.0,no change
449,GTTATGGATACTGAATTGTGTCAAATACTTTTTCCTGAATGTACGAGACT,0.0,1,1.0,greater
450,AGGAAGACAGGCCTCCGAAGCGTCTCTCCTGGCTTAGAGGATAGTGGCTT,0.0,1,1.0,greater
451,AGCATAGTGTTATTATTTGCAGACTATAACATTAACATTTCTACATAACT,0.0,0,0.0,no change
452,AATGAAAAACCTTTTCTCAAAATGTAGAGTTCAACTAGGCATTAGTTTTC,0.0,1,1.0,greater
453,TAGTTTGCTGAGGGTTTTTAATCAGTTATGGATACTGAATTGTGTCAAAT,0.0,1,1.0,greater
454,CAAAAAAAGGCAGAGGTTGCAATCCTAGTCTCTGATAAAACAGACTTTAA,0.0,1,1.0,greater
455,ATCACCTCACACTCAGGATAGCTATTATCAAAAAAAACAAAACACAGCAA,0.0,1,1.0,greater
456,ACAAAGTTTTAGCCAGACTAACAAAGAAAAAAAATGGGAGAAGATTCAAT,0.0,0,0.0,no change
457,TATACACCATGGAATACTATGCAGCCATAAAAAAGGATGAGTTCATGTCC,0.0,8,8.0,greater
458,GGCCTAGGATGGGTAAGAATAAAATTCCTAAAATATTTTAGATTCCTTAT,0.0,1,1.0,greater
459,AACATAGCTTCAATTGCTGTCTTCCCACCCCCATTTTTACAGTTTTGTTA,0.0,1,1.0,greater
460,AAGTAGGTAATCATGAAGTTAGATTAAAACAATTTGATAAAGGTTGCAAT,0.0,0,0.0,no change
461,TGCCAACTCCCAATCCCACCCTGAGACAGTCTGATTCAGTGGGAATTTGT,0.0,1,1.0,greater
462,TATTGCTTCACCAGAATTTGAGTTCTCACCACTAGCAAGCAAGATCTTAC,0.0,1,1.0,greater
463,GTGCTTTATTCCTTCATTTTCTCATTCATTCATTCACTGTAACATCAGCT,0.0,1,1.0,greater
464,GGTTCAAGCGATTCTCCTGCCTCAGCACCCCAGGTAGCTGGGATTATAGG,0.0,0,0.0,no change
465,CTTAGCACATCTTGGTGACTAAGGTGTAAGTGGCAGTTGGCCAGAACTTG,0.0,0,0.0,no change
466,AAAGATAATGAGAACTGTCAAAAGAGGAAATAGGTGAGATGCTAATACCA,0.0,1,1.0,greater
467,CCCTTTCATATTGCCTGTAAGAATTGGGACTTGGATAACCGGAGTAAAAA,0.0,1,1.0,greater
468,CCCACCCCAATCCCATACACCAGGCCCTAGCCATTCTTCTTTATGTGTAG,0.0,1,1.0,greater
469,CACCATGCTGGCCAGGCTGGTCTTGGACTCCTGACCTCAGGTGATCCTCC,0.0,1,1.0,greater
470,GATATGTCAACGGAGTATTGCTTCACCAGAATTTGAGTTCTCACCACTAG,0.0,1,1.0,greater
471,GAGAATAGCATGGAGGAAACTGCCCCCATGATTCAATTGCTTTTCACCAG,0.0,0,0.0,no change
472,CAAGATAGCGCCACTGCACTCCAGCCTGGGCGACAGACCGAGACTCCATC,0.0,0,0.0,no change
473,TAGAGTAATTCAGTCTCTTTTTCCACAGTAATTACTACTTGTTTTCTTCT,0.0,0,0.0,no change
474,TTTTCCAACTTTTTTTTTTCTTTTTTTTTCCGAGATGGAGTCTCGCTGTC,0.0,1,1.0,greater
475,TCCATGCTAAGGGCTTGTTAAATAAGCAACATGAAGAGCATCAATCAGGT,0.0,1,1.0,greater
476,GAATTTTAACGTTTCTTTTAAATTGCATAAAATTATTATACATATTTTTG,0.0,1,1.0,greater
477,AACTATTTGTCAAAGTAGTCATACAATTTAGCATTCCCACCATCAGTGTA,0.0,1,1.0,greater
478,TGCTGTGAGAAACAGAAAAAGTAGATCTAAGTAAGGGGAATTAGGCAGGT,0.0,0,0.0,no change
479,AGAAAAAAAAATTTGTGTATAAGTAAACATCTGAAAATACTTTTTCCTTT,0.0,1,1.0,greater
480,TGTGACGGGATCTGCCGTCAGCACAACCTCTGTGGTTTCTGTGTGAACAA,0.0,0,0.0,no change
481,AAAGGCTAAAGTAACTTTTATATATATTTTTAATTAGGTACGATTATATG,0.0,1,1.0,greater
482,ACACACACACACACACAATTATTTGGAGGGTGCTGAAACATCTTATTACC,0.0,1,1.0,greater
483,TCTCATGCTTTAAACTTTTATTATTTTTCAAATAAATCAGTAAACAACAT,0.0,1,1.0,greater
484,CATCATAAATCCACAGAGACAGGGATGCTGAAAGTGGCAGAATTAAGGAC,0.0,1,1.0,greater
485,TCGGCAAGCACCTCAGCAGGTCGTGGTTGTTGTTGTTGTTGTTGTTGTTG,0.0,0,0.0,no change
486,TACTAATACATGCTACAACACGGATGAACTTTGGAAAATTATTCTAAATG,0.0,1,1.0,greater
487,TCCTGCCTCAGCCTCCTAAGTAGCTGGGATTATAGGCATGTGCCACCATG,0.0,0,0.0,no change
488,GGGGGCTCACGCCTGTAATCCCAGCACTTTGGGAGGTCCAGGCAGAGGCA,0.0,1,1.0,greater
489,ATGTCTAGGTTTCCCTCCAGTGTTTTAATTTTATAATTTGAATTATAAAC,0.0,1,1.0,greater
490,CCACCCTGAGACAGTCTGATTCAGTGGGAATTTGTATTTTAACAAGCATG,0.0,1,1.0,greater
491,GAATTTGTTCATTTTTTCGAGATTTTCCAATTTATTGCCATATAATTGCT,0.0,1,1.0,greater
492,AGCTACTATTCTGTTCAAAATACTCTGAAAAAATCTCATTTTCTAATGAA,0.0,1,1.0,greater
493,AAACACTATTAATTGTTTTATTACCAATGTTAAGTTAAATTCTTCTTGTA,0.0,0,0.0,no change
494,TTGAATGCTTACAAGAGGAGAAGCTTTTAGCAACTCCTTTGTTTCTTAAT,0.0,1,1.0,greater
495,TAAAAATATTAAGTTTTTTTCCAGAAACTAGACAAATTGACTAAAGTATA,0.0,1,1.0,greater
496,CTTTGGGAGGCCGAGGCAGGCGGATCATGAGGTCAGGAGATCGAGACCAT,0.0,1,1.0,greater
497,ACTTTGAAAATATATTTTTGCAAATTTGAATTTTATTAATGTTGCTTCTG,0.0,0,0.0,no change
498,AGAAGAGCATATAAAACCAGTAAACTGAGTACTAAATAATCACCATAATT,0.0,0,0.0,no change
499,TGGCAAATCGGGTCACTCCCACCCTAATACTGAGCTTTTCCAACGGGCTT,0.0,0,0.0,no change
500,TCTAGGTTTCCTCATTACAAGTTCTAGGACCCTTGATATGAGCCATTCCT,0.0,0,0.0,no change
501,GTAGCACTGTTCACAACAGCAAAGACTTGGAACCAACCAAAATGCCAATC,0.0,1,1.0,greater
502,CTTTCATCCTTAATGTCTTCCTTGGCATCTAATGGGGACTTAATAGATGC,0.0,1,1.0,greater
503,GTAACTTTTATATATATTTTTAATTAGGTACGATTATATGCAAGACCTGA,0.0,1,1.0,greater
504,CAGCCTCAACCTCCTGGGCTCATGCAATCCTCTCACATCAGCCTCCAGGG,0.0,1,1.0,greater
505,AACATTATCAGCTTCCCAAACAGACGAGGGAGAGAGAGAGAGAGAACAGT,0.0,1,1.0,greater
506,CAATGAGACAGACCTGCCACTAGCCCAGCAAACAGCCAATAGCAGATCAT,0.0,0,0.0,no change
507,AAATGATGAATGTTTCTTTTCAGACTTTTAAAGGTGTAAGTCTCTCAGCT,0.0,0,0.0,no change
508,ACTTGTCTCCTTGTAGAGAACATTACTGCAAAGCAATGCTCATAGAAATT,0.0,0,0.0,no change
509,TGCAAATTGAGACAGCTGTATGTCTTTCTTTTCAAACTGTATATCTTTTG,0.0,0,0.0,no change
510,CAGCTGATCAGCCCCTTCTTCCTGGCTCTGGAGGTTTTTAAAACAATGAC,0.0,0,0.0,no change
511,AGAATGGCATTGGCCAGGATAATTTCTTTACCAGAAAGAATAAATATAAG,0.0,1,1.0,greater
512,AGTATTTAATTAAGAGCTTTCTTTTTCTTTTAATTTAGATATTCATCACT,0.0,0,0.0,no change
513,GCAGCAGGTGGGGGAACCAGAAGGGAGTTGGTTATCCCACTCAGTGGCCC,0.0,0,0.0,no change
514,TCTTTGTTTTCACTGCTGTCATGAATGCTGACATAAGTGGGAATGCTATG,0.0,1,1.0,greater
515,TTTTGGCAACTACACATTTTCTAGAAAATGATAAATTGTGAGCAGAAGGA,0.0,0,0.0,no change
516,ACATATATCTATCATTATAGTATCATGCAGAGTAGTTTCACTGCTTTAAA,0.0,1,1.0,greater
517,ATACACACTGCACACTCATGTCCTCTCTTCAACCTTTGCATCACTCACTT,0.0,0,0.0,no change
518,ACTGGATGAGACATATTGAAAGGGCCTGGCACTAGAAGATACGTCCCATA,0.0,0,0.0,no change
519,ACTAAGAAATTATTGATATTCAAAAATTCGCAAATAAGATAGATCACTGA,0.0,0,0.0,no change
520,CTACTTAGGACAACCTTATGGAGCTTTGCAGGTGAGGAAGATGAGGATTA,0.0,1,1.0,greater
521,CTAGACTCTGTCTCAAAAAAAAAAAAAAAAAAAAAAAAAAGAAATAAACA,0.0,1,1.0,greater
522,AAGTTTACTTGCATGTTGTTTAATGTTTTCATTAGAAAACAGTGTCTTAA,0.0,0,0.0,no change
523,CTGGTAGAAGGCTGGAGGATGAGGAGGAGGGGCACGGGTGTCAGGTGGGA,0.0,1,1.0,greater
524,ATTAATCTGGAGATATTCCATGCTAAGGGCTTGTTAAATAAGCAACATGA,0.0,1,1.0,greater
525,ATGTTCACTTGACTAATAATCTTTTCCCAATAGTGTTTTGTATATTTTCT,0.0,1,1.0,greater
526,TGATCCGCCCGCCTCAGCCACCCAAAGTGCTGGGATTGTACAGACGTGAG,0.0,0,0.0,no change
527,TAGGTCACCCGAGTTGTCGTAGCTTTGCACCCTTATGTGAAGCAGCTGGG,0.0,1,1.0,greater
528,ATCCGATGTGACAACTGAAAATGTCTCTAGACATTGCCAAATATGCTCTG,0.0,1,1.0,greater
529,GCAGCTAAGTTTTTGTTTACTATTGAAATTAAGTTTGTATTAATCCAAAC,0.0,1,1.0,greater
530,TGCATCCCACAATTTTTTGTGTTTGTTTTTGTTTTATTTTGCTTTTAATG,0.0,0,0.0,no change
531,CTCTCCATTTTTGTCTCCCTCTCTTGGTTTCTAAAATTGTTTTCAGTATC,0.0,1,1.0,greater
532,TCCTTCAACTAAGTATTTTAAGGAGCACAATATTAACACTCCCCAAAAAT,0.0,1,1.0,greater
533,TTGCCACTCATATATCCTCTTGGTGAAATGTTTGTGAGCATCTTTCTGTG,0.0,1,1.0,greater
534,TCTTTTCACGTGTTTATTTGCCACTCATATATCCTCTTGGTGAAATGTTT,0.0,1,1.0,greater
535,TATCTCTACTAAAAATACAAAAAGTAGCTGGACATGGTGGTGGGCACCTG,0.0,0,0.0,no change
536,TAAATTCACTCCTTTTTTTCTTAGTATTTAAAATTATATAACTTTATAGA,0.0,1,1.0,greater
537,GTTCCTTGCCCTCATTCCAGTAAACCCACAACCTTCAGCGTGGGCATCAT,0.0,1,1.0,greater
538,CTTTTTTTTTCTTTTTAGCCAATTCCAACGCAGGCTTTGGCCTCTATTCA,0.0,0,0.0,no change
539,CGAGTCAATTTCCCATGGGTCCCTTCTTGCACCTCCCCAACCTTCTTTTG,0.0,1,1.0,greater
540,CACACACACACACACACACACACACACACAATTATTTGGAGGGTGCTGAA,0.0,1,1.0,greater
541,GTGGCGGGCGCCTGTAGTCCCAGCTACCCTGGAGGCTGAGGCAGGAGAAT,0.0,1,1.0,greater
542,AGAAGCTTTTAGCAACTCCTTTGTTTCTTAATGTATATATTATATCTGAA,0.0,1,1.0,greater
543,GTAATACAATCTGCTACACCCAAGTTTAAAAAATATTTAGCATGTGATAA,0.0,1,1.0,greater
544,CTCTTGTGCATTGTTGTTGGGAATGTAAATTAGTAGAGGAGTTGGAAAAC,0.0,1,1.0,greater
545,CTTGGACATTATAATAACTTAATGATCCTTATTTTGAATGAATTAACAAT,0.0,0,0.0,no change
546,AAAAAGGTAGGGCATTTAAATAATATGCAATAAGTTAAAAGATAACTGCT,0.0,0,0.0,no change
547,TTGTCTGCTTCCTTTAGGCATATGAGCTTGCTACTTCTCTTCTATCTGGA,0.0,1,1.0,greater
548,GCCAATTGAATTACAGCACAAATTTTGCTCTAGTTATTTGGCAGAGTGTT,0.0,1,1.0,greater
549,TACATAAGAAATCATAAGAATGCCTGAGATGAATTACAAAATAGAAGGTC,0.0,0,0.0,no change
550,TGGCTGGGCACGGTGACTTGTGCCTGTAATCCTAGCACTTTGTGAGGCCG,0.0,0,0.0,no change
551,GAAAAATCAAGAACTCAAGAAAGAAAAAAGAGAAAAAATTCAATCAAATA,0.0,0,0.0,no change
552,CATAACACAGGTGATGTCTTAATTCTACTTTCTAAATTTTGATATTTCCA,0.0,0,0.0,no change
553,TTGTGACAACCAAAAATGCCTCCAAAGATTGCCCACAAAGCAGAATCACC,0.0,1,1.0,greater
554,GAAACTAAATTATGGCTTTTATTTCATTATCTACAAAGCAGCTAACATCA,0.0,1,1.0,greater
555,AAAGAAGTTTACTCAAAGAAGTTATCTCACTCCAGGTTGATAAGACAGGC,0.0,1,1.0,greater
556,GTGTTTTAATTTTATAATTTGAATTATAAACTGGCAACATGAATTAAAAA,0.0,1,1.0,greater
557,ACAAAAATCAGCCAGGTGGGGTGGCAGGCGCCTGTAATCTCAGCTACTTG,0.0,1,1.0,greater
558,CTTAAAAATATAACAAATGAAAAACCTTTTCTCAAAATGTAGAGTTCAAC,0.0,1,1.0,greater
559,GACTTATGGCCCCTAACCCCAATATGGTTTGGCTGTATGCCCAGCCAAAT,0.0,0,0.0,no change
560,AACAGAGTGAGACTCCATCTCAAAAAAGAACAAAAAACAAAAAACAAAAA,0.0,1,1.0,greater
561,TTTAATTTTTTTATCGTTGCGCAAGTAGTAAACTTAGCACCTGATAGGTA,0.0,0,0.0,no change
562,AAAATACAAAAATTAGGTGAGCATGGTGGCAGGCGCCTGTAATCCCAGCT,0.0,0,0.0,no change
563,TTTCAAGTAATTGCAAGATTTGTTTGTTTTTGGTGGGTTGAGATCAAGAA,0.0,1,1.0,greater
564,CCTTACCAAAAGGCTGTGTCCCACACTTGCTACTAATTACAAAATTGTCT,0.0,1,1.0,greater
565,ATATTTTTGGCCTTTTGAGAGGCCCCCAGCTCTAAAATATTAACACTTAC,0.0,1,1.0,greater
566,AATTCTGTAGTTTCTGTAGAGCTAGGAATGACAATTAATATGCTGGAGAT,0.0,1,1.0,greater
567,ATACTACTCCCCACTGAAAGAAACCAGCGTTTCTTGGCAAAATGGTGATT,0.0,1,1.0,greater
568,GGCATCTAATGGGGACTTAATAGATGCCTATGTTTTTAACCATTGTAATT,0.0,1,1.0,greater
569,AAAACACTGCTAGATTCAATTTGTTAATATTTTATTTAAGATTTTCCACA,0.0,1,1.0,greater
570,GAAATATCAGGTTGTCTGTGAAGATTTTGATAAGCATATTGTAAACTATA,0.0,0,0.0,no change
571,GCAACTCGCTTGCCTTACCCTAGTGCTTTCACTGGCAAACTAAAGGCATT,0.0,1,1.0,greater
572,GAGTCTCCCTCTGTTGCCCGGCCTGCAGTGCAGTGGTGCAATCTCGGCTC,0.0,0,0.0,no change
573,ATCTTGATAACACTGTAGATTCTGTTTCAGCGGGTCTGGGGGGGAGCCTG,0.0,0,0.0,no change
574,TATTTATAAGCTTTCTTCTTCTGTTCCATCTACTCTTTCTATTCCTTAAA,0.0,0,0.0,no change
575,CTCATGCAATCCTCTCACATCAGCCTCCAGGGTAGCTGGACTACAGGCAC,0.0,1,1.0,greater
576,GCTGAATGAGGAAGACAGAGCCAGGAGATTAGGCAAGAAATATGCTTACA,0.0,0,0.0,no change
577,AGATATAGGCAGTGACACAAAGAATGTGGGCAGAAGTGAGTTATGCTTTT,0.0,0,0.0,no change
578,GTGGATATGGTGGCAGTGAGGATGACTATAATGGATTTGGTAATGACACT,0.0,1,1.0,greater
579,AACAATTAGATATGTGAAGATAACAACGCTCACCTATGTTTTTTCAGTTT,0.0,0,0.0,no change
580,TATATATATACATATATATGTGTGTGTGTGTGTGTGTGTGTGTGTGTGTG,0.0,1,1.0,greater
581,TTAAGGAGCACAATATTAACACTCCCCAAAAATTTGAGCTTGGCAGTTAT,0.0,1,1.0,greater
582,TCTTTTTCTTATCTGATTGCACTGGCTAGGACTATGTTGAATAAAAGTGG,0.0,0,0.0,no change
583,GACCCTCCTTACCAAAAGGCTGTGTCCCACACTTGCTACTAATTACAAAA,0.0,1,1.0,greater
584,GCTTTTTCAGGTGCTCTTTCTTTTCTTTGTCTCTTGAAGCCCAACAGAGC,0.0,0,0.0,no change
585,AACGTCCAGACCTTCTCTAGATGTTCCATTATCCAGGAACCTCCATATGT,0.0,1,1.0,greater
586,GGCATAATAATTCCTTGAGTAGACTAACTGTGGGAGGTATGTCAAGAGAA,0.0,0,0.0,no change
587,TCAACACTGGTGTCTTTCATAATAACAGAATGAACATTGGAAATTACTTT,0.0,0,0.0,no change
588,CATAGCTTCAATTGCTGTCTTCCCACCCCCATTTTTACAGTTTTGTTAAA,0.0,1,1.0,greater
589,CGGATCATGAGGTCAGGAGATCGAGACCATCCTGGCTAACATGATGAAAC,0.0,1,1.0,greater
590,TAAAATATTCATGTGTCAGGCTCTGGGCTATCTTCTAAAGCTTCTTGAAA,0.0,1,1.0,greater
591,GTCTTTTTAATTCTTCTCTCTTTTCTTCTTTATTAGTCTGGCTAGCAGTC,0.0,0,0.0,no change
592,TCTTTATAGCAATGCGAGAATAGACTAATATACCACCACAGTCTGAATCA,0.0,0,0.0,no change
593,GCATAGAGTATACAGTATTAATATCTTTGTGTGTTAATAGCTCAATACAG,0.0,0,0.0,no change
594,GATTTTTTATATTCCCAACATTTTATTATTTATTTTTGCTAGTATATTTA,0.0,0,0.0,no change
595,TAGTATCATGCAGAGTAGTTTCACTGCTTTAAAAATCCTCTGTGTTTTGC,0.0,1,1.0,greater
596,TTCTTCCTGCCTTGGGTTTCCCACCCCAATCCCATACACCAGGCCCTAGC,0.0,1,1.0,greater
597,CTGAGGCAGAAGTATCACTTGAACCTGAGAGGCAGAGGTTGCAGTGAGCC,0.0,0,0.0,no change
598,CAGAGATATTGCTCTATAAGCTAAAGATCTGTATCATCACATAGAATGTG,0.0,1,1.0,greater
599,TAGTCATACAATTTAGCATTCCCACCATCAGTGTATGAGAATTCCAGGTC,0.0,1,1.0,greater
600,CATGCACACGTATGTTTGTTGTAGCACTGTTCACAACAGCAAAGACTTGG,0.0,1,1.0,greater
601,CTCAGCACTTTAGGAGGCTGAGGCAGATGGACTGCTTGAGCTTAGGAGTT,0.0,0,0.0,no change
602,ATGAAGGACAAACAAAACACCACATTTCATATTGAGGGAATAAGCAAAGC,0.0,0,0.0,no change
603,GCGCCACTGCACTCCAGCCTGAGCAACAAGAGCAAAACTCCGTCTCAAAA,0.0,1,1.0,greater
604,CTGTTCCTGTGTTAGTTTGCTGAGAATGATGGTTTTCAGCTTCATCCATG,0.0,0,0.0,no change
